,City,Cloudiness,Country,Date,Humidity,Lat,Lng,Max_Temp,Wind_Speed
0,Upernavik,32,GL,1555108788,100,72.79,-56.15,13.77,23.73
1,Lavrentiya,0,RU,1555108788,100,65.58,-170.99,23.05,7.74
2,Ushuaia,40,AR,1555106400,81,-54.81,-68.31,46.4,4.7
3,Sitka,44,US,1555108788,32,37.17,-99.65,57.16,5.39
4,Ponta do Sol,32,BR,1555108788,81,-20.63,-46.0,69.85,1.92
5,Lucapa,64,AO,1555108789,93,-8.42,20.74,68.85,2.59
6,Busselton,0,AU,1555108571,48,-33.64,115.35,62.01,19.93
7,Airai,20,TL,1555108789,93,-8.93,125.41,73.81,2.37
8,Atuona,80,PF,1555108789,100,-9.8,-139.03,82.54,7.4
9,Zambezi,76,ZM,1555108790,95,-13.55,23.12,65.52,7.4
10,Saint-Philippe,90,CA,1555108768,66,45.36,-73.48,60.8,8.05
11,Thompson,20,CA,1555106400,16,55.74,-97.86,44.6,5.82
12,Vardo,90,US,1555108784,93,39.62,-77.74,64.4,8.05
13,Slobodskoy,0,RU,1555108790,75,58.73,50.18,20.8,5.39
14,Bluff,0,AU,1555108790,53,-23.58,149.07,74.97,13.78
15,Tibati,64,CM,1555108791,96,6.47,12.63,65.97,7.18
16,Punta Arenas,75,CL,1555108346,70,-53.16,-70.91,42.8,57.49
17,Nelson Bay,90,AU,1555106400,100,-32.72,152.14,59.0,9.17
18,Luderitz,24,NA,1555106400,100,-26.65,15.16,57.2,5.82
19,Bichura,76,RU,1555108791,51,50.59,107.6,25.11,4.38
20,Ust-Kuyga,76,RU,1555108792,88,70.0,135.55,25.3,4.05
21,Albany,90,US,1555108625,62,42.65,-73.75,60.01,8.05
22,Amazar,12,RU,1555108792,43,53.86,120.88,24.49,4.61
23,Fernley,40,US,1555108787,24,39.61,-119.25,57.99,6.93
24,Logan Lake,75,CA,1555106400,32,50.49,-120.81,57.2,11.41
25,Vaini,0,IN,1555108792,88,15.34,74.49,67.06,2.48
26,Kysyl-Syr,0,RU,1555108793,58,63.9,122.77,15.12,5.39
27,Bethel,75,US,1555106640,61,60.79,-161.76,46.4,4.7
28,Faanui,48,PF,1555108794,100,-16.48,-151.75,80.37,3.6
29,Rikitea,92,PF,1555108794,100,-23.12,-134.97,75.6,20.04
30,Thiruvananthapuram,20,IN,1555106400,79,8.48,76.92,84.2,5.82
31,Burgersdorp,12,ZA,1555108794,78,-30.99,26.32,45.81,2.59
32,Saskylakh,80,RU,1555108794,78,71.97,114.09,-1.08,6.06
33,Sterling,90,US,1555108781,93,39.0,-77.4,66.2,8.05
34,Hobart,75,AU,1555108695,82,-42.88,147.33,55.99,5.82
35,Kapaa,40,US,1555108708,61,22.08,-159.32,80.6,21.92
36,Constitucion,5,MX,1555108216,4,23.99,-104.67,75.2,34.45
37,Hilo,75,US,1555108527,57,19.71,-155.08,78.8,14.0
38,Petrov Val,80,RU,1555108795,73,50.14,45.21,50.58,5.28
39,Hermanus,88,ZA,1555108306,98,-34.42,19.24,64.0,3.04
40,Dikson,24,RU,1555108796,100,73.51,80.55,2.61,15.79
41,Aklavik,90,CA,1555106400,78,68.22,-135.01,15.8,14.99
42,Ayutla,0,MX,1555108796,20,20.13,-104.35,76.6,7.29
43,Lasa,0,CY,1555108292,82,34.92,32.53,59.0,4.7
44,Tautira,20,PF,1555108342,59,-17.73,-149.15,89.6,10.29
45,Port Elizabeth,90,US,1555108772,82,39.31,-74.98,69.01,8.05
46,Dong Hoi,88,VN,1555108797,95,17.48,106.6,80.29,4.61
47,Ribeira Grande,92,PT,1555108797,100,38.52,-28.7,58.5,22.84
48,Carnarvon,0,ZA,1555108797,62,-30.97,22.13,53.65,4.05
49,Lompoc,1,US,1555108738,59,34.64,-120.46,73.99,16.11
50,Pauini,20,BR,1555108797,85,-7.71,-67.0,80.65,2.37
51,Erzin,20,TR,1555107600,100,36.95,36.2,57.2,2.24
52,Sao Joao da Barra,0,BR,1555106400,78,-21.64,-41.05,77.0,5.82
53,Mataura,0,NZ,1555108208,80,-46.19,168.86,48.99,1.99
54,Khatanga,12,RU,1555108798,60,71.98,102.47,-7.02,5.61
55,Mar del Plata,0,AR,1555108798,50,-46.43,-67.52,59.76,30.11
56,Goderich,0,CA,1555108655,38,43.74,-81.71,57.99,5.01
57,Mezen,44,RU,1555108798,82,65.85,44.24,23.95,5.39
58,Barrow,0,AR,1555108799,52,-38.31,-60.23,61.47,15.23
59,Jamestown,76,AU,1555108799,38,-33.21,138.6,61.2,4.61
60,Pacific Grove,1,US,1555108737,59,36.62,-121.92,72.0,11.41
61,Gannan,0,CN,1555108799,54,47.92,123.49,40.32,15.01
62,Avarua,68,CK,1555106400,83,-21.21,-159.78,80.6,10.29
63,North Bend,75,US,1555108526,76,43.41,-124.22,55.0,8.05
64,Narsaq,92,GL,1555105800,56,60.91,-46.05,42.8,10.29
65,Tiksi,88,RU,1555108800,84,71.64,128.87,15.21,6.73
66,Camargo,0,MX,1555108800,5,27.69,-105.17,76.23,23.06
67,Saint George,75,GR,1555105800,100,39.45,22.34,48.2,3.27
68,Port Alfred,88,ZA,1555108650,86,-33.59,26.89,66.0,4.0
69,Yerbogachen,0,RU,1555108801,64,61.28,108.01,10.45,4.94
70,Barbalha,40,BR,1555106400,88,-7.31,-39.3,77.0,2.71
71,Diffa,12,NE,1555108802,22,13.32,12.61,79.47,8.08
72,Hambantota,0,LK,1555103400,100,6.12,81.12,78.8,1.12
73,Eureka,75,US,1555108505,82,40.8,-124.16,59.0,18.34
74,Kimbe,44,PG,1555108802,100,-5.56,150.15,80.37,0.92
75,Santo Antonio de Padua,8,BR,1555108803,74,-21.54,-42.18,74.35,7.63
76,Lebu,75,ET,1555106400,82,8.96,38.73,60.8,4.7
77,Chokurdakh,12,RU,1555108803,99,70.62,147.9,18.0,6.96
78,Bahia Blanca,0,AR,1555108661,52,-38.72,-62.27,71.1,20.71
79,Fort Nelson,40,CA,1555106400,17,58.81,-122.69,55.4,5.82
80,Iquique,0,CL,1555106400,64,-20.22,-70.14,69.8,14.99
81,Paamiut,64,GL,1555108804,91,61.99,-49.67,32.95,30.33
82,Ambon,20,FR,1555108773,87,47.55,-2.56,46.99,8.05
83,Gbarnga,8,LR,1555108804,91,7.0,-9.47,74.97,6.96
84,Puerto Suarez,20,BO,1555106400,74,-18.96,-57.8,86.0,0.36
85,Kodiak,1,US,1555108699,7,39.95,-94.76,54.0,24.16
86,Puerto Escondido,20,MX,1555105500,69,15.86,-97.07,80.6,13.87
87,Bredasdorp,80,ZA,1555108249,88,-34.53,20.04,66.2,2.24
88,Leopoldov,88,SK,1555108626,65,48.44,17.77,45.0,18.34
89,Vestmannaeyjar,92,IS,1555108805,90,63.44,-20.27,45.63,40.29
90,Longyearbyen,75,NO,1555105800,86,78.22,15.63,26.6,18.34
91,Qaanaaq,48,GL,1555108806,87,77.48,-69.36,5.76,4.16
92,Rognan,75,NO,1555108512,74,67.1,15.4,37.4,8.05
93,Georgetown,40,GY,1555106400,78,6.8,-58.16,82.4,11.41
94,Katsuura,20,JP,1555107059,81,33.93,134.5,44.6,6.93
95,San Rafael,12,AR,1555108808,42,-34.61,-68.33,63.72,3.6
96,Boa Esperanca,44,BR,1555108808,94,-1.91,-60.0,75.6,2.26
97,Nome,90,US,1555108803,73,30.04,-94.42,75.99,11.41
98,Nikolskoye,0,RU,1555108537,59,59.7,30.79,35.6,3.71
99,Tasiilaq,92,GL,1555105800,86,65.61,-37.64,39.2,51.67
100,Namatanai,48,PG,1555108809,93,-3.66,152.44,84.6,6.51
101,Sao Filipe,8,CV,1555108809,96,14.9,-24.5,70.66,15.23
102,Zhigansk,32,RU,1555108809,62,66.77,123.37,14.05,2.71
103,Noumea,75,NC,1555106400,74,-22.28,166.46,78.8,12.75
104,Mahenge,92,TZ,1555108809,98,-8.68,36.72,69.57,3.83
105,Dingle,20,PH,1555108810,99,11.0,122.67,80.1,4.38
106,Coihaique,75,CL,1555106400,66,-45.58,-72.07,48.2,10.29
107,Riofrio,75,CO,1555106400,61,4.16,-76.29,87.8,4.7
108,Sola,0,NO,1555108803,74,58.89,5.65,39.99,2.24
109,Berlevag,80,NO,1555108810,100,70.86,29.09,34.02,9.31
110,Caramay,32,PH,1555108810,99,10.18,119.24,82.45,3.38
111,Iqaluit,75,CA,1555108321,85,63.75,-68.52,23.0,17.22
112,Alofi,80,NU,1555106400,74,-19.06,-169.92,84.2,9.17
113,Puerto Ayora,20,EC,1555108247,70,-0.74,-90.35,87.8,13.87
114,Cabo San Lucas,5,MX,1555108251,20,22.89,-109.91,87.8,19.46
115,Cayenne,40,GF,1555106400,83,4.94,-52.33,80.6,5.82
116,Cacoal,8,BR,1555108812,94,-11.43,-61.44,74.16,1.92
117,Wasilla,90,US,1555108808,93,61.58,-149.44,45.0,2.48
118,Almaznyy,20,RU,1555106400,93,48.03,40.04,51.8,8.95
119,Shelburne,40,CA,1555108682,67,44.08,-80.2,62.6,18.34
120,Hofn,92,IS,1555108588,95,64.25,-15.21,43.02,14.12
121,Lamar,75,US,1555108279,34,38.09,-102.62,53.01,11.41
122,Prince George,20,CA,1555108519,25,53.92,-122.75,55.99,4.7
123,Dunedin,0,NZ,1555108490,62,-45.87,170.5,55.99,7.0
124,Jega,36,NG,1555108813,64,12.22,4.38,79.39,3.04
125,San Patricio,32,PY,1555108813,69,-26.98,-56.83,65.25,2.71
126,Chuy,0,UY,1555108813,89,-33.69,-53.46,60.12,7.52
127,New Norfolk,75,AU,1555108755,82,-42.78,147.06,55.99,5.82
128,Hamilton,20,BM,1555108282,63,32.3,-64.78,64.4,13.87
129,Hami,12,CN,1555108814,51,42.84,93.51,43.83,10.2
130,Houma,92,CN,1555108814,99,35.63,111.36,46.9,2.15
131,Yellowknife,20,CA,1555108771,56,62.45,-114.38,46.0,5.82
132,Lokoja,76,NG,1555108815,99,7.8,6.74,73.9,2.48
133,Mahebourg,40,MU,1555108742,83,-20.41,57.7,80.6,10.29
134,Moranbah,12,AU,1555108815,54,-22.0,148.04,74.25,16.02
135,Mount Isa,0,AU,1555106400,57,-20.73,139.49,75.2,8.05
136,Margate,75,AU,1555108755,82,-43.03,147.26,55.99,5.82
137,Mathbaria,8,BD,1555108815,94,22.29,89.96,77.5,4.83
138,Portland,75,US,1555108017,58,45.52,-122.67,61.0,4.7
139,Kavieng,12,PG,1555108815,100,-2.57,150.8,84.06,1.36
140,Tuatapere,0,NZ,1555108806,80,-46.13,167.69,50.0,1.01
141,Coquimbo,40,CL,1555106400,77,-29.95,-71.34,59.0,10.29
142,Kathu,0,ZA,1555108215,75,-27.7,23.05,60.01,2.93
143,Mahibadhoo,0,MV,1555108816,100,3.78,72.97,84.87,4.72
144,Bilma,0,NE,1555108816,16,18.69,12.92,67.69,2.82
145,Kavaratti,0,IN,1555108817,100,10.57,72.64,84.79,9.42
146,Marsa Matruh,0,EG,1555106400,87,31.35,27.25,60.8,14.99
147,Tandalti,8,SD,1555108817,28,13.01,31.87,82.62,13.78
148,Lipin Bor,32,RU,1555108817,83,60.26,37.97,26.37,6.62
149,Joinville,0,BR,1555106400,88,-26.3,-48.85,77.0,2.24
150,Minsk,0,BY,1555106400,68,53.9,27.56,30.2,11.18
151,Tessalit,0,ML,1555108817,23,20.2,1.01,56.8,2.59
152,Winnemucca,90,US,1555108211,32,40.97,-117.74,51.8,10.29
153,The Pas,1,CA,1555106400,22,53.82,-101.24,44.6,5.82
154,Nouadhibou,0,MR,1555106400,72,20.93,-17.03,64.4,21.92
155,Sedalia,1,US,1555109700,35,38.7,-93.23,57.99,17.22
156,Merauke,8,ID,1555108818,95,-8.49,140.4,82.9,10.2
157,Torbay,5,CA,1555108486,86,47.66,-52.73,32.0,13.87
158,Petukhovo,0,RU,1555108819,56,55.06,67.89,41.95,10.2
159,Orlik,76,RU,1555108819,74,52.51,99.83,22.6,5.73
160,Tynda,0,RU,1555108819,52,55.15,124.74,23.4,3.6
161,Butaritari,88,KI,1555108819,100,3.07,172.79,81.1,10.87
162,Ozernovskiy,44,RU,1555108819,93,51.5,156.52,30.7,3.49
163,Chamba,76,IN,1555108820,58,32.56,76.12,49.69,2.15
164,Boffa,0,GN,1555108820,85,10.18,-14.04,74.25,5.61
165,Mutoko,92,ZW,1555108820,88,-17.4,32.23,65.7,3.15
166,Mayen,0,DE,1555108689,71,50.33,7.22,39.0,6.93
167,Preobrazheniye,8,RU,1555108820,39,42.9,133.91,53.01,2.48
168,Cape Town,75,ZA,1555108566,93,-33.93,18.42,69.01,10.29
169,Tilichiki,0,RU,1555108821,93,60.47,166.1,25.2,4.16
170,Half Moon Bay,1,US,1555108817,76,37.46,-122.43,73.0,17.22
171,Teguldet,68,RU,1555108821,71,57.31,88.17,43.47,12.55
172,Lorengau,56,PG,1555108821,97,-2.02,147.27,83.89,4.94
173,Kulgam,68,IN,1555108821,86,33.65,75.01,41.31,1.92
174,Kahului,75,US,1555108772,58,20.89,-156.47,82.4,20.8
175,Timizart,0,DZ,1555108816,38,36.8,4.25,61.0,1.01
176,Gashua,0,NG,1555108822,38,12.87,11.04,77.41,4.27
177,Utete,64,TZ,1555108822,90,-7.99,38.76,76.06,2.15
178,Buin,20,CL,1555108774,67,-33.73,-70.74,70.0,4.7
179,Fortuna,0,ES,1555108818,62,38.18,-1.13,57.2,2.24
180,Huarmey,12,PE,1555108823,74,-10.07,-78.15,69.21,3.6
181,Kumba,88,CM,1555108823,95,4.64,9.44,71.56,2.04
182,Port Lincoln,92,AU,1555108823,78,-34.72,135.86,67.5,7.18
183,Shakawe,0,BW,1555108823,80,-18.36,21.84,63.72,7.4
184,Havoysund,75,NO,1555105800,98,71.0,24.66,33.8,39.15
185,Port Moresby,20,PG,1555106400,100,-9.47,147.16,75.2,2.24
186,Esperance,20,TT,1555108808,66,10.24,-61.45,84.2,12.75
187,Porto Nacional,40,BR,1555106400,94,-10.7,-48.41,77.0,4.7
188,Vostok,8,RU,1555108824,46,46.45,135.83,47.52,3.49
189,Quatre Cocos,40,MU,1555108742,83,-20.21,57.76,80.6,10.29
190,Saldanha,44,PT,1555108824,79,41.42,-6.55,41.05,3.49
191,Coahuayana,0,MX,1555108824,16,18.62,-100.35,83.8,2.37
192,Castro,20,CL,1555106400,71,-42.48,-73.76,51.8,6.93
193,Narang,40,PK,1555106400,73,32.43,73.82,75.2,4.7
194,Nanortalik,92,GL,1555108826,89,60.14,-45.24,33.12,14.45
195,Tateyama,0,JP,1555108815,65,36.66,137.31,59.0,2.24
196,Shimanovsk,0,RU,1555108826,51,52.0,127.67,36.72,3.94
197,Klyuchi,0,RU,1555108826,70,52.25,79.17,37.35,9.42
198,Canning,0,AR,1555108804,63,-34.86,-58.5,63.0,6.93
199,Kaitangata,0,NZ,1555108810,70,-46.28,169.85,51.01,5.99
200,Soubre,24,CI,1555108827,95,5.79,-6.61,75.69,4.38
201,Husavik,68,CA,1555108805,56,50.56,-96.99,39.99,10.0
202,Bambous Virieux,40,MU,1555108742,83,-20.34,57.76,80.6,10.29
203,Sorland,88,NO,1555108827,97,67.67,12.69,39.79,9.64
204,Santa Vitoria do Palmar,0,BR,1555108823,89,-33.52,-53.37,60.12,7.52
205,Nuuk,75,GL,1555105800,92,64.17,-51.74,30.2,10.29
206,Sistranda,0,NO,1555108297,100,63.73,8.83,32.0,3.36
207,Tongliao,92,CN,1555108828,33,43.61,122.27,46.99,15.01
208,Viedma,0,AR,1555108828,34,-40.81,-62.99,74.7,20.27
209,Auki,76,NG,1555108828,51,12.18,6.51,81.36,6.17
210,Santiago de Cuba,40,CU,1555108342,65,20.03,-75.83,82.4,5.82
211,Laguna,5,MX,1555105380,29,27.52,-110.01,78.8,10.29
212,Tuktoyaktuk,90,CA,1555106400,84,69.44,-133.03,6.8,25.28
213,Djibo,80,BF,1555108829,46,14.1,-1.63,77.94,3.49
214,Balabac,88,PH,1555108829,98,7.99,117.06,83.97,11.88
215,Bari Sadri,0,IN,1555108829,54,24.42,74.48,69.12,2.59
216,Soto la Marina,24,MX,1555108829,35,23.77,-98.21,88.83,10.54
217,San Rafael del Sur,20,NI,1555106400,44,11.85,-86.44,95.0,6.93
218,Pangnirtung,20,CA,1555106400,78,66.15,-65.72,15.8,3.36
219,Savinka,92,RU,1555108830,95,50.08,47.1,52.2,13.22
220,Saint-Joseph,0,FR,1555108828,93,43.56,6.97,53.6,3.36
221,Chapais,90,CA,1555106400,97,49.78,-74.86,33.8,13.87
222,Le Port,0,FR,1555108814,32,42.87,1.37,45.0,1.01
223,Terrace,75,CA,1555106400,47,54.52,-128.61,55.4,5.82
224,Haines Junction,44,CA,1555108831,49,60.75,-137.51,35.1,8.19
225,Timbuktu,12,ML,1555108831,21,16.77,-3.01,73.44,8.41
226,Porto Novo,20,BR,1555106400,83,-23.68,-45.44,71.6,8.05
227,Palmares do Sul,44,BR,1555108237,86,-30.26,-50.51,71.01,1.99
228,Provideniya,20,RU,1555108832,100,64.42,-173.23,28.0,3.49
229,Hithadhoo,88,MV,1555108832,100,-0.6,73.08,85.06,8.19
230,Gwadar,44,PK,1555108832,70,25.12,62.33,79.93,6.51
231,Buraydah,40,SA,1555106400,88,26.33,43.97,64.4,20.8
232,Lagunas,36,PE,1555108833,90,-5.23,-75.68,77.22,1.48
233,Hirara,75,JP,1555106400,77,24.8,125.28,71.6,9.17
234,Pahalgam,76,IN,1555108833,82,34.03,75.33,22.5,1.14
235,Acapulco,5,MX,1555105740,74,16.86,-99.88,80.6,12.75
236,Nantucket,75,US,1555108821,93,41.28,-70.1,50.0,9.17
237,Caravelas,8,BR,1555108834,99,-17.73,-39.27,82.35,7.74
238,Richards Bay,0,ZA,1555108834,100,-28.77,32.06,63.27,4.61
239,Bay Roberts,5,CA,1555108486,86,47.58,-53.28,32.0,13.87
240,Cherskiy,64,RU,1555108834,77,68.75,161.3,23.76,3.15
241,Kruisfontein,100,ZA,1555108834,89,-34.0,24.73,61.39,7.63
242,Kamaishi,0,JP,1555108834,62,39.28,141.86,48.87,3.6
243,Pochutla,20,MX,1555108276,69,15.74,-96.47,84.0,17.22
244,Vestmanna,8,FO,1555105800,87,62.16,-7.17,44.6,16.11
245,Ilulissat,75,GL,1555105800,94,69.22,-51.1,32.0,16.11
246,Xining,92,CN,1555108569,87,36.62,101.77,35.56,3.15
247,Plettenberg Bay,92,ZA,1555108835,100,-34.05,23.37,65.35,6.62
248,Hoquiam,75,US,1555108806,76,46.98,-123.89,59.0,10.29
249,Kupang,20,ID,1555106400,83,-10.16,123.6,77.0,3.36
250,Guerrero Negro,12,MX,1555108836,71,27.97,-114.04,63.19,15.23
251,Amapa,20,HN,1555106400,52,15.09,-87.97,93.2,19.46
252,Altay,0,CN,1555108836,58,47.83,88.13,17.82,1.92
253,Rio Gallegos,40,AR,1555106400,32,-51.62,-69.22,51.8,36.91
254,East London,76,ZA,1555108836,100,-33.02,27.91,70.75,16.91
255,Pevek,0,RU,1555108837,86,69.7,170.27,17.82,6.4
256,Padang,24,ID,1555106400,94,-0.92,100.36,75.2,2.24
257,Port Blair,24,IN,1555108837,100,11.67,92.75,84.79,4.38
258,Abha,0,SA,1555106400,72,18.22,42.5,60.8,10.29
259,Cidreira,44,BR,1555108837,81,-30.17,-50.22,70.3,6.4
260,Bobon,8,PH,1555108837,95,12.53,124.56,81.55,12.66
261,Karratha,48,AU,1555108684,64,-20.74,116.85,81.0,12.88
262,Nemuro,0,JP,1555108838,97,43.32,145.57,35.56,2.04
263,Tulcea,36,RO,1555108200,93,45.18,28.8,50.0,12.75
264,Singaraja,12,ID,1555108838,100,-8.11,115.08,76.06,1.25
265,Nuevo Progreso,40,US,1555108835,69,26.05,-97.95,84.2,10.29
266,Necochea,0,AR,1555108595,59,-38.55,-58.74,64.0,4.0
267,Berkakit,8,RU,1555108838,57,56.58,124.77,17.1,5.28
268,Makakilo City,75,US,1555108562,51,21.35,-158.09,84.2,10.29
269,Norman Wells,75,CA,1555106400,74,65.28,-126.83,30.2,12.75
270,Tiznit,0,MA,1555108839,79,29.7,-9.73,60.12,4.16
271,Grand Gaube,40,MU,1555108742,83,-20.01,57.66,80.6,10.29
272,Roald,0,NO,1555108801,99,62.58,6.12,37.4,3.36
273,Penzance,44,GB,1555108688,75,50.12,-5.53,50.0,16.11
274,Lata,0,IN,1555108840,72,30.78,78.62,46.17,2.82
275,Uglegorsk,0,RU,1555108840,58,49.08,142.06,43.11,3.94
276,San Pedro de Macoris,40,DO,1555108410,69,18.46,-69.3,82.4,8.05
277,Pitimbu,75,BR,1555106400,100,-7.47,-34.81,77.0,6.93
278,Bazpur,8,IN,1555108630,68,29.15,79.12,58.6,2.82
279,Vila Velha,40,BR,1555107493,78,-3.71,-38.6,82.4,12.75
280,Otavi,68,NA,1555108841,61,-19.64,17.34,66.33,6.62
281,San Roque,75,EC,1555106400,68,0.3,-78.23,68.0,14.99
282,Pilar de la Horadada,0,ES,1555108818,62,37.87,-0.79,57.2,3.36
283,Adrar,88,DZ,1555106400,17,27.87,-0.29,73.4,20.8
284,Matara,88,PE,1555108842,59,-13.74,-72.9,52.02,1.92
285,Chipinge,0,ZW,1555108842,94,-20.19,32.62,61.56,2.26
286,Flinders,36,AU,1555108649,72,-34.58,150.85,66.0,9.17
287,Bonthe,8,SL,1555108843,87,7.53,-12.5,80.37,4.61
288,Sanmenxia,92,CN,1555108843,95,34.77,111.19,50.76,2.93
289,Bukoba,0,TZ,1555108843,100,-1.33,31.81,67.77,3.15
290,Dordrecht,0,NL,1555108750,74,51.8,4.68,41.0,6.93
291,Killybegs,20,IE,1555108843,92,54.63,-8.45,45.27,20.71
292,Sycamore,90,US,1555108549,48,41.99,-88.69,50.0,21.92
293,Namibe,0,AO,1555108844,100,-15.19,12.15,75.6,9.75
294,Faya,0,SA,1555106400,72,18.39,42.45,60.8,10.29
295,Hasaki,20,JP,1555106400,65,35.73,140.83,44.6,5.82
296,Naze,68,NG,1555108844,94,5.43,7.07,75.69,3.38
297,Bilibino,48,RU,1555108844,69,68.06,166.44,25.3,3.15
298,Kinwat,20,IN,1555108844,68,19.62,78.2,70.02,2.82
299,Primo Tapia,20,MX,1555108749,59,32.22,-116.92,70.0,13.87
300,Shediac,75,CA,1555108269,39,46.22,-64.55,50.0,10.29
301,Leh,88,IN,1555108845,90,34.16,77.58,17.29,1.03
302,Srednekolymsk,0,RU,1555108845,74,67.46,153.71,28.0,3.04
303,Poole,40,GB,1555108832,80,50.72,-1.98,45.0,3.36
304,Kirakira,24,SB,1555108845,98,-10.46,161.92,84.7,20.49
305,Kampot,40,KH,1555106400,88,10.62,104.18,78.8,2.24
306,Taltal,0,CL,1555108846,91,-25.41,-70.49,56.8,1.25
307,Alice Springs,0,AU,1555106400,23,-23.7,133.88,51.8,3.36
308,Maniitsoq,24,GL,1555108846,81,65.42,-52.9,27.0,13.33
309,Bure,64,NG,1555108846,42,10.52,10.33,86.31,8.08
310,Aswan,0,EG,1555108847,48,24.09,32.9,55.81,3.83
311,Nishihara,1,JP,1555108809,52,35.74,139.53,57.0,5.82
312,Cockburn Town,36,TC,1555108847,100,21.46,-71.14,78.21,17.25
313,West Wendover,75,US,1555106160,37,40.74,-114.07,48.2,23.04
314,Souillac,0,FR,1555108597,60,45.6,-0.6,50.0,2.93
315,Honningsvag,88,NO,1555108847,97,70.98,25.97,35.46,18.81
316,Marawi,0,PH,1555108277,91,8.0,124.29,75.99,5.01
317,Puerto Madryn,92,AR,1555108671,50,-42.77,-65.04,72.72,19.93
318,Zeerust,8,ZA,1555106400,93,-25.54,26.07,60.8,8.05
319,Mujiayingzi,8,CN,1555108848,57,42.12,118.78,40.86,5.28
320,Montes Altos,20,BR,1555108590,94,-5.83,-47.07,73.0,1.59
321,Igunga,32,TZ,1555108848,95,-4.28,33.88,63.0,1.48
322,Magistralnyy,0,RU,1555108848,55,56.17,107.45,15.49,3.15
323,Mandalgovi,0,MN,1555108849,66,45.76,106.27,26.2,10.76
324,Arraial do Cabo,20,BR,1555106400,88,-22.97,-42.02,78.8,2.24
325,Ballina,56,IE,1555108691,77,54.11,-9.15,48.0,18.01
326,Liepaja,0,LV,1555105800,86,56.52,21.02,33.8,4.7
327,Moose Factory,90,CA,1555107120,97,51.26,-80.61,32.0,19.46
328,Phuket,20,TH,1555106400,88,7.89,98.4,78.8,7.29
329,Abu Dhabi,0,AE,1555106400,57,24.47,54.37,77.0,5.82
330,The Valley,40,AI,1555108216,73,18.22,-63.06,80.6,12.75
331,Agirish,32,RU,1555108850,77,61.92,63.02,28.0,7.4
332,Konin,88,PL,1555108818,72,52.23,18.25,36.0,7.96
333,Kissidougou,32,GN,1555108850,74,9.19,-10.1,75.87,8.19
334,Mae Sot,8,MM,1555108850,84,16.71,98.57,73.62,1.81
335,Vacha,92,RU,1555108850,95,55.8,42.77,37.9,13.44
336,Rocha,0,UY,1555108850,74,-34.48,-54.34,52.75,3.6
337,Filotion,80,GR,1555108284,93,37.05,25.5,62.01,16.11
338,Sokoto,64,NG,1555108851,57,13.06,5.24,81.19,2.71
339,Guia de Isora,20,ES,1555108818,59,28.21,-16.78,64.99,17.22
340,San Quintin,56,PH,1555108851,90,17.54,120.52,77.05,3.94
341,Lagoa,0,PT,1555108654,58,37.14,-8.45,59.0,5.82
342,Teguise,20,ES,1555106400,63,29.06,-13.56,64.4,21.92
343,Rongcheng,0,CN,1555108852,72,37.16,122.42,53.82,13.0
344,Tual,68,ID,1555108852,100,-5.67,132.75,80.37,7.74
345,Mutare,64,MZ,1555108852,90,-18.97,32.67,63.1,2.04
346,Nanyang,0,CN,1555108852,89,33.0,112.53,58.77,4.16
347,Muskegon,90,US,1555108654,52,43.23,-86.25,50.0,11.41
348,Eldorado,5,MX,1555108818,20,24.32,-107.36,89.01,13.87
349,Valparaiso,40,US,1555108820,37,41.47,-87.06,55.4,21.92
350,Zhezkazgan,0,KZ,1555108853,82,47.8,67.71,38.7,2.71
351,Leningradskiy,44,RU,1555108853,100,69.38,178.42,10.9,7.63
352,Lazarev,8,RU,1555108853,88,52.23,141.51,34.65,6.17
353,Comodoro Rivadavia,40,AR,1555106400,30,-45.87,-67.48,69.8,29.97
354,Nalut,8,LY,1555108854,36,31.86,10.98,55.62,6.17
355,Ishigaki,75,JP,1555106400,78,24.34,124.16,73.4,11.41
356,Yatou,75,CM,1555106400,83,3.63,9.81,78.8,17.22
357,Poum,12,MK,1555108854,99,41.28,20.71,33.85,1.7
358,Dong Xoai,8,VN,1555108596,88,11.53,106.92,79.2,4.05
359,Raudeberg,0,NO,1555108801,97,61.99,5.14,39.2,4.7
360,Shambu,12,ET,1555108854,97,9.57,37.1,56.8,3.15
361,Pustoshka,32,RU,1555108855,78,56.34,29.37,28.9,9.53
362,Najran,5,SA,1555106400,82,17.54,44.22,68.0,4.94
363,Kulhudhuffushi,80,MV,1555108855,100,6.62,73.07,84.6,5.95
364,Batagay,0,RU,1555108855,55,67.65,134.64,21.51,12.44
365,Saint-Medard-en-Jalles,0,FR,1555108823,87,44.9,-0.72,48.0,2.24
366,San Andres,24,PH,1555108856,100,13.32,122.68,82.45,16.02
367,Pointe Michel,75,DM,1555106400,74,15.25,-61.38,78.8,4.7
368,Honjo,40,JP,1555106400,86,39.38,140.05,41.0,4.7
369,Kayerkan,48,RU,1555106400,78,69.35,87.76,8.6,22.37
370,Araouane,0,ML,1555108857,25,18.9,-3.53,62.1,5.73
371,Gravdal,0,NO,1555108810,100,59.79,5.78,39.99,6.93
372,Kasempa,44,ZM,1555108857,87,-13.46,25.83,66.79,6.96
373,Klamath Falls,40,US,1555108745,40,42.22,-121.78,55.99,16.11
374,Lalmohan,8,BD,1555108857,94,22.34,90.74,79.56,6.62
375,Uvat,44,RU,1555108858,93,59.14,68.9,27.9,3.71
376,Wewak,80,PG,1555108858,94,-3.55,143.63,79.02,2.26
377,Cam Ranh,20,VN,1555106400,78,11.92,109.15,82.4,2.24
378,Kamarion,20,GR,1555108309,87,36.8,25.82,62.01,13.87
379,Olinda,20,EC,1555108822,66,-2.03,-79.75,86.0,4.7
380,Beroroha,36,MG,1555108859,89,-21.68,45.17,66.43,2.71
381,Horki,8,BY,1555108859,68,54.29,30.98,32.13,11.99
382,Ostersund,0,SE,1555107917,50,63.18,14.64,28.4,6.93
383,Varhaug,0,NO,1555108803,74,58.61,5.65,39.99,2.24
384,Opuwo,68,NA,1555108859,72,-18.06,13.84,66.69,1.59
385,Ahipara,0,NZ,1555108860,77,-35.17,173.16,64.71,17.02
386,Salinopolis,88,BR,1555108860,100,-0.61,-47.36,80.56,9.98
387,Carmo do Rio Claro,36,BR,1555108860,92,-20.97,-46.12,68.68,2.15
388,Vila Franca do Campo,75,PT,1555108200,93,37.72,-25.43,62.6,20.8
389,Klaksvik,12,FO,1555105800,87,62.23,-6.59,44.6,16.11
390,Nara,20,JP,1555108453,75,34.68,135.8,50.0,3.36
391,Taldan,12,RU,1555108861,40,53.69,124.82,32.22,3.71
392,Mount Gambier,75,AU,1555106400,82,-37.83,140.78,57.2,3.38
393,Vagur,0,FO,1555108861,93,61.47,-6.81,47.35,20.71
394,Arlit,88,NE,1555108861,23,18.74,7.39,69.31,0.92
395,Aykhal,40,RU,1555106400,91,65.95,111.51,-5.81,6.71
396,Narasannapeta,0,IN,1555108862,97,18.42,84.04,71.01,1.92
397,Sibu,90,MY,1555106400,100,2.29,111.83,73.4,3.36
398,Komsomolskiy,88,RU,1555108862,87,67.55,63.78,12.79,22.84
399,Vega de Alatorre,0,MX,1555108862,58,20.03,-96.65,81.72,2.82
400,Radcliff,1,US,1555108631,42,37.84,-85.95,66.2,5.73
401,Hita,0,JP,1555108816,81,33.31,130.95,50.0,5.82
402,Bathsheba,75,BB,1555106400,78,13.22,-59.52,78.8,19.46
403,Oksbol,12,DK,1555108657,100,55.63,8.29,33.8,4.7
404,Carstairs,40,CA,1555108804,52,51.56,-114.1,46.0,3.36
405,Bayan,0,MN,1555108863,47,47.25,107.54,22.15,10.76
406,Kobelyaky,8,UA,1555108864,93,49.15,34.2,47.44,7.85
407,Nehe,0,CN,1555108864,57,48.48,124.88,40.5,11.65
408,Westport,76,IE,1555108691,78,53.8,-9.52,48.0,1.99
409,Simpang,75,MY,1555106400,94,4.82,100.71,78.8,4.05
410,Outjo,92,NA,1555106400,82,-20.11,16.16,66.2,3.15
411,Tomatlan,0,MX,1555108732,61,19.93,-105.25,79.3,3.94
412,Los Llanos de Aridane,0,ES,1555108852,67,28.66,-17.92,62.6,9.17
413,Pyatigorskiy,90,RU,1555106400,81,43.97,43.26,53.6,11.18
414,Beinamar,100,TD,1555108865,47,8.67,15.38,89.01,4.16
415,Isangel,92,VU,1555108865,100,-19.55,169.27,76.5,7.63
416,Cascais,0,PT,1555108810,82,38.7,-9.42,57.99,4.7
417,Chara,75,GR,1555105800,100,39.42,22.43,48.2,3.27
418,Lugazi,90,UG,1555106400,94,0.37,32.94,73.4,9.17
419,Khasan,0,RU,1555108866,66,42.43,130.64,47.07,2.37
420,Touros,20,BR,1555106400,88,-5.2,-35.46,78.8,6.93
421,La Cruz,0,MX,1555108818,40,23.92,-106.89,81.0,8.01
422,Basoko,8,CD,1555108867,99,1.23,23.61,68.5,2.71
423,Gao,12,ML,1555108867,28,16.28,-0.04,76.5,6.62
424,Odemira,32,PT,1555108654,91,37.6,-8.64,55.99,1.01
425,Roebourne,48,AU,1555108867,64,-20.77,117.15,81.0,12.88
426,Misratah,0,LY,1555108867,98,32.38,15.09,53.73,4.72
427,Port-Gentil,40,GA,1555106400,88,-0.72,8.78,82.4,8.05
428,Abu Samrah,0,SY,1555108868,63,35.3,37.18,51.12,4.05
429,Prado,68,BR,1555108868,95,-17.34,-39.22,82.9,6.73
430,Port Hedland,88,AU,1555106400,88,-20.31,118.58,78.8,9.53
431,Petropavlovsk-Kamchatskiy,44,RU,1555106400,83,53.05,158.65,32.0,6.71
432,Umm Lajj,0,SA,1555108869,100,25.02,37.27,62.37,2.93
433,Sanquhar,75,GB,1555108796,65,55.37,-3.93,44.6,4.7
434,Bafoulabe,0,ML,1555108869,33,13.81,-10.83,77.41,7.63
435,Hat Yai,20,TH,1555106400,94,7.0,100.46,77.0,3.04
436,Veraval,0,FR,1555108843,64,49.65,0.71,39.2,8.05
437,San Cristobal,75,EC,1555108304,68,-0.39,-78.55,68.0,14.99
438,Rayong,20,TH,1555108634,74,12.68,101.28,86.0,9.17
439,Dobris,75,CZ,1555108866,64,49.78,14.17,39.0,6.93
440,Port Macquarie,48,AU,1555108505,87,-31.43,152.91,70.0,5.82
441,Middelburg,76,ZA,1555108870,97,-25.77,29.46,54.36,1.36
442,Inhambane,64,MZ,1555108871,100,-23.87,35.38,71.91,3.27
443,Yulara,0,AU,1555106400,17,-25.24,130.99,60.8,8.05
444,Saint Anthony,90,US,1555108833,33,43.97,-111.68,48.99,8.75
445,Lebedinyy,48,RU,1555108871,51,58.52,125.52,20.8,3.49
446,Northam,0,GB,1555108819,86,51.04,-4.21,42.01,3.36
447,Clyde River,40,CA,1555106400,84,70.47,-68.59,6.8,3.36
448,Iwaki,20,JP,1555106400,69,37.05,140.89,39.2,2.24
449,Ancud,20,CL,1555106400,71,-41.87,-73.83,51.8,6.93
450,Mnogovershinnyy,0,RU,1555108872,73,53.94,139.92,36.55,3.15
451,Sarishabari,100,BD,1555108872,97,24.75,89.83,72.72,3.6
452,Kharp,80,RU,1555108872,80,66.82,65.8,16.3,11.43
453,Ust-Tsilma,88,RU,1555108872,93,65.44,52.15,24.57,3.71
454,Henties Bay,0,NA,1555106581,93,-22.12,14.28,57.99,4.0
455,Tokur,76,RU,1555108873,59,53.13,132.9,40.06,4.5
456,Sinnamary,92,GF,1555108873,100,5.38,-52.96,78.04,9.08
457,Punta Cardon,56,VE,1555108873,61,11.61,-70.22,84.51,26.64
458,Kawai,20,JP,1555108606,75,34.58,135.74,50.0,3.36
459,Genhe,0,CN,1555108873,38,50.78,121.52,27.0,7.4
460,Burnie,0,AU,1555108792,97,-41.05,145.91,68.0,8.19
461,Udachnyy,40,RU,1555106400,91,66.42,112.4,-5.81,6.71
462,Saint Marys,90,US,1555108736,87,41.43,-78.56,60.01,9.17
463,Urucara,0,BR,1555108874,95,-2.54,-57.76,75.06,2.15
464,Hualmay,12,PE,1555108874,83,-11.1,-77.61,69.21,5.61
465,Nurota,8,UZ,1555106400,77,40.56,65.69,59.0,6.93
466,Tura,0,IN,1555108875,91,25.52,90.21,67.86,1.92
467,Ketchikan,90,US,1555106160,53,55.34,-131.65,53.6,9.17
468,Gat,0,SN,1555106400,82,14.69,-16.54,64.4,19.46
469,Lukovetskiy,90,RU,1555106400,54,64.29,41.92,30.2,4.47
470,Kaeo,0,NZ,1555108684,72,-35.1,173.78,64.99,5.99
471,Broken Hill,36,AU,1555106400,29,-31.97,141.45,60.8,9.17
472,Kloulklubed,75,PW,1555105800,78,7.04,134.26,78.8,4.7
473,Praya,0,ID,1555108876,100,-8.71,116.27,81.91,3.71
474,Gorontalo,24,ID,1555108876,90,0.54,123.06,79.2,2.26
475,Pouebo,88,NC,1555108876,99,-20.4,164.57,75.33,6.73
476,Maua,92,KE,1555108876,93,0.23,37.94,61.83,2.71
477,Ondjiva,92,AO,1555108846,78,-17.07,15.73,68.68,5.5
478,Meadow Lake,75,CA,1555106400,29,54.13,-108.44,50.0,8.05
479,Tabas,76,IR,1555106400,52,33.6,56.92,66.2,4.7
480,Voh,92,NC,1555108877,100,-20.95,164.69,77.68,14.23
481,Velikiy Ustyug,36,RU,1555108877,84,60.76,46.3,22.06,6.96
482,Ahuimanu,40,US,1555108864,61,21.44,-157.84,84.2,16.11
483,Ribnitz-Damgarten,75,DE,1555108809,77,54.24,12.43,37.99,8.05
484,Kununurra,0,AU,1555106400,94,-15.77,128.74,69.8,3.36
485,Linxia,92,CN,1555108878,89,35.6,103.21,32.58,3.38
486,Yaan,44,NG,1555108878,78,7.38,8.57,78.75,14.34
487,Andros Town,40,BS,1555108333,65,24.73,-77.79,80.6,13.87
488,Gornopravdinsk,0,RU,1555108878,91,60.06,69.92,26.65,5.73
489,Cap Malheureux,40,MU,1555108742,83,-19.98,57.61,80.6,10.29
490,Cabedelo,75,BR,1555106400,100,-6.97,-34.84,77.0,6.93
491,Bakchar,36,RU,1555108879,83,57.02,82.07,37.54,9.75
492,Monastyrshchina,0,RU,1555108879,74,54.35,31.84,30.06,11.21
493,Mildura,20,AU,1555106400,43,-34.18,142.16,50.0,4.61
494,Tuy Hoa,24,VN,1555108879,99,13.08,109.3,76.6,5.95
495,Yartsevo,0,RU,1555108829,78,55.07,32.69,28.62,11.21
496,Yate,32,GB,1555108688,70,51.54,-2.41,46.4,9.17
497,Antalaha,64,MG,1555108880,96,-14.9,50.28,76.86,5.17
498,Pachino,20,IT,1555108811,99,36.72,15.09,44.01,15.99
499,Socorro,76,PH,1555108217,93,13.06,121.41,80.01,3.27
500,Zhaodong,40,CN,1555106400,52,46.07,125.99,44.6,6.71
501,Svidnik,92,SK,1555108629,99,49.31,21.57,39.99,1.01
502,Carauari,88,BR,1555108881,88,-4.88,-66.9,79.66,2.93
503,Bustamante,0,MX,1555108881,7,26.53,-100.51,88.02,4.61
504,Ilfracombe,36,GB,1555108803,75,51.21,-4.13,46.99,5.82
505,Golden,90,CA,1555106400,31,51.3,-116.96,50.0,5.82
506,Vilani,8,LV,1555108881,73,56.55,26.92,21.6,6.17
507,Catalina,40,CO,1555106400,59,8.86,-75.38,91.4,11.41
508,Yumen,92,CN,1555108882,71,40.29,97.04,39.25,9.53
509,Baculin,68,PH,1555108882,98,7.45,126.58,77.94,5.61
510,Atar,0,MR,1555108882,28,20.52,-13.05,58.95,6.4
511,Semey,0,KZ,1555108882,68,50.41,80.25,30.6,2.37
512,South Lake Tahoe,1,US,1555108864,42,38.93,-119.98,64.99,10.29
513,Bosaso,0,SO,1555108883,100,11.28,49.18,80.19,3.83
514,Mogadishu,0,SO,1555108883,99,2.04,45.34,83.8,11.43
515,Mogapinyana,88,BW,1555108883,93,-22.37,27.59,59.5,3.83
516,Bela,44,PK,1555108883,58,26.23,66.31,62.37,2.71
517,Gazojak,12,TM,1555108883,65,41.19,61.4,53.37,4.16
518,Changchun,75,CN,1555106400,46,43.88,125.32,50.0,11.18
519,Lewisporte,5,CA,1555108322,43,49.25,-55.06,33.8,11.41
520,Bandarbeyla,0,SO,1555108884,100,9.49,50.81,80.91,6.85
521,Kargasok,92,RU,1555108884,99,59.06,80.87,37.9,6.73
522,Tucuman,0,PE,1555108884,76,-17.17,-70.89,58.06,1.36
523,Rupert,20,US,1555108504,40,42.62,-113.68,51.8,6.93
524,Mala Vyska,56,UA,1555108885,88,48.64,31.63,45.9,11.99
525,Egvekinot,0,RU,1555108885,84,66.32,-179.17,18.36,3.49
526,Tiarei,20,PF,1555108342,59,-17.53,-149.33,89.6,10.29
527,Mazamari,20,PE,1555108885,96,-11.33,-74.53,67.15,0.69
528,Progreso,0,UY,1555108306,71,-34.68,-56.22,63.0,5.82
529,Krasnoturansk,0,RU,1555106400,51,54.32,91.57,35.6,6.4
530,Inuvik,90,CA,1555106400,72,68.36,-133.71,15.8,9.17
531,Kenai,90,US,1555108624,56,60.55,-151.26,46.99,3.36
532,Peniche,0,PT,1555108840,82,39.36,-9.38,55.99,4.7
533,Muros,0,ES,1555108877,71,42.77,-9.06,55.0,2.24
534,Anloga,20,GH,1555106400,79,5.79,0.9,84.2,8.05
535,Ginda,0,IN,1555108887,72,30.69,78.49,46.17,2.82
536,Ossora,0,RU,1555108887,99,59.24,163.07,26.46,5.5
537,Luanda,40,AO,1555106400,88,-8.83,13.24,78.8,8.05
538,Kitab,36,UZ,1555106400,82,39.12,66.88,57.2,9.17
539,Barcelos,0,PT,1555108564,93,41.53,-8.62,55.0,1.59
540,Elban,8,RU,1555108888,54,50.1,136.51,44.37,5.17
541,Mehamn,92,NO,1555108888,95,71.03,27.85,33.94,10.54
542,Hayden,75,US,1555108625,61,47.77,-116.79,55.0,10.29
543,Niigata,20,JP,1555108804,70,37.91,139.04,50.0,9.17
544,Severo-Kurilsk,56,RU,1555108889,94,50.68,156.12,32.85,4.38
545,Baymak,0,RU,1555108889,67,52.6,58.31,27.27,2.59
546,Narrabri,0,AU,1555106400,55,-30.33,149.78,64.4,4.7
547,Yamada,0,JP,1555108886,65,36.58,137.08,59.0,2.24
548,Sabang,68,PH,1555108889,90,13.72,123.58,80.82,8.63
549,Belmonte,20,PT,1555108276,87,40.36,-7.35,46.0,3.04
550,College,90,US,1555108839,37,64.86,-147.8,54.0,6.93
551,Sirohi,0,IN,1555108890,53,24.89,72.86,64.54,1.92
552,Kalmunai,0,LK,1555108890,99,7.42,81.82,73.26,2.59
553,Menongue,8,AO,1555108890,92,-14.66,17.68,59.94,2.15
554,Pokhara,68,NP,1555108890,67,28.21,83.99,54.55,3.27
